lemma,id_slovo
be,1
the,2
.,3
I,4
to,5
",",6
you,7
a,8
@,9
of,10
and,11
it,12
in,13
!,14
not,15
for,16
that,17
have,18
do,19
my,20
#,21
on,22
we,23
-,24
"""",25
this,26
at,27
with,28
so,29
),30
(,31
but,32
they,33
?,34
can,35
:,36
all,37
love,38
will,39
make,40
get,41
about,42
what,43
more,44
think,45
use,46
as,47
from,48
would,49
if,50
KUWTK,51
like,52
one,53
see,54
now,55
just,56
up,57
out,58
!!!,59
or,60
!!,61
work,62
she,63
go,64
people,65
how,66
time,67
by,68
know,69
data,70
's,71
need,72
/,73
there,74
ApacheArrow,75
thank,76
no,77
good,78
lol,79
look,80
new,81
should,82
when,83
some,84
year,85
only,86
much,87
way,88
happy,89
these,90
--,91
problem,92
who,93
most,94
which,95
come,96
day,97
because,98
*,99
thing,100
want,101
also,102
...,103
best,104
very,105
really,106
start,107
take,108
say,109
many,110
learn,111
today,112
try,113
always,114
he,115
than,116
!!!!,117
right,118
still,119
pm,120
guy,121
any,122
app,123
life,124
too,125
give,126
great,127
other,128
why,129
even,130
‚Äôre,131
better,132
help,133
back,134
first,135
mean,136
open,137
tonight,138
could,139
here,140
available,141
lot,142
over,143
feel,144
never,145
yes,146
model,147
watch,148
shop,149
12,150
then,151
true,152
%,153
birthday,154
same,155
baby,156
into,157
python,158
@kkwbeauty,159
find,160
talk,161
every,162
sure,163
write,164
off,165
world,166
well,167
where,168
wait,169
idea,170
project,171
10,172
week,173
;,174
favorite,175
human,176
let,177
read,178
change,179
everything,180
PST,181
support,182
user,183
3,184
code,185
deep,186
everyone,187
call,188
part,189
post,190
may,191
system,192
launch,193
next,194
hope,195
keep,196
something,197
believe,198
end,199
long,200
own,201
show,202
build,203
collection,204
different,205
last,206
please,207
thanks,208
1,209
base,210
happen,211
issue,212
memory,213
important,214
Keras,215
source,216
such,217
tomorrow,218
create,219
few,220
point,221
+,222
$,223
ever,224
little,225
product,226
2,227
community,228
free,229
lip,230
beautiful,231
excited,232
function,233
oh,234
package,235
place,236
ai,237
case,238
family,239
real,240
(),241
value,242
bad,243
check,244
list,245
maybe,246
while,247
hard,248
pretty,249
sell,250
sister,251
tweet,252
5,253
actually,254
ask,255
before,256
design,257
Google,258
learning,259
miss,260
science,261
amazing,262
classic,263
live,264
mom,265
season,266
Arrow,267
full,268
include,269
its,270
those,271
feature,272
pop,273
until,274
again,275
seem,276
share,277
without,278
üíï,279
book,280
future,281
might,282
NA,283
already,284
big,285
kid,286
name,287
tell,288
fact,289
instead,290
space,291
4,292
after,293
fun,294
month,295
night,296
panda,297
wear,298
x,299
dream,300
link,301
question,302
R,303
release,304
set,305
add,306
else,307
language,308
rstudio,309
understand,310
@khloekardashian,311
company,312
definitely,313
mind,314
palette,315
sweet,316
through,317
‚Äôll,318
‚ù§Ô∏è,319
üíã,320
almost,321
another,322
conda,323
developer,324
down,325
episode,326
less,327
step,328
C,329
enough,330
general,331
kind,332
large,333
ok,334
possible,335
both,336
friend,337
game,338
moment,339
order,340
run,341
soon,342
example,343
forget,344
though,345
turn,346
9,347
algorithm,348
answer,349
anyone,350
ApacheParquet,351
break,352
development,353
experience,354
knowledge,355
library,356
rstat,357
solve,358
stuff,359
yet,360
20,361
home,362
KKW,363
leave,364
level,365
party,366
proud,367
sense,368
since,369
stop,370
tech,371
two,372
c,373
far,374
hear,375
high,376
meet,377
move,378
old,379
omg,380
person,381
small,382
bit,383
file,384
kuwtk,385
number,386
quite,387
research,388
shoot,389
++,390
around,391
crazy,392
God,393
power,394
probably,395
program,396
remember,397
‚ú®,398
hour,399
perfect,400
pydata,401
6,402
anything,403
format,404
girl,405
information,406
matter,407
often,408
put,409
someone,410
sorry,411
story,412
term,413
tool,414
!!!!!,415
completely,416
cute,417
develop,418
e.g.,419
easy,420
follow,421
intelligence,422
literally,423
machine,424
money,425
pic,426
result,427
software,428
update,429
api,430
become,431
buy,432
class,433
fix,434
process,435
top,436
bio,437
cool,438
fast,439
layer,440
online,441
play,442
social,443
stay,444
Twitter,445
?!,446
100,447
bless,448
goal,449
hand,450
minute,451
nice,452
sale,453
shade,454
spend,455
version,456
between,457
control,458
form,459
install,460
media,461
nothing,462
self,463
type,464
video,465
‚Äô,466
@thomasp85,467
15,468
away,469
cover,470
hate,471
implementation,472
KKWBEAUTY,473
pandas,474
past,475
rather,476
special,477
specific,478
8,479
apply,480
babe,481
close,482
contributor,483
during,484
eat,485
etc,486
k,487
least,488
once,489
reason,490
strong,491
team,492
together,493
US,494
‚Äôd,495
~,496
able,497
ago,498
clear,499
implement,500
interesting,501
jorisvdbossche,502
progress,503
require,504
restock,505
review,506
solution,507
teach,508
test,509
vote,510
word,511
7,512
effort,513
grow,514
i,515
opinion,516
rule,517
style,518
useful,519
@kourtneykardash,520
üòç,521
Awwwww,522
beauty,523
blog,524
choice,525
contribute,526
copy,527
course,528
detail,529
Friday,530
guide,531
Lipstick,532
must,533
recipe,534
recommend,535
simple,536
speak,537
whole,538
wish,539
yeah,540
@dataandme,541
consider,542
decision,543
expect,544
extremely,545
field,546
framework,547
heart,548
join,549
morning,550
note,551
performance,552
phone,553
plan,554
sign,555
single,556
store,557
yourself,558
access,559
comment,560
compare,561
ConcealBakeBrighten,562
Concealer,563
current,564
exactly,565
exist,566
Facebook,567
fall,568
faster,569
Kanye,570
line,571
natural,572
network,573
news,574
particular,575
pattern,576
pay,577
photo,578
ready,579
reply,580
structure,581
Sunday,582
u,583
workout,584
wow,585
üôè,586
2018,587
across,588
approach,589
avoid,590
business,591
complete,592
environment,593
face,594
gift,595
guess,596
hair,597
likely,598
liner,599
maintainer,600
mostly,601
Parquet,602
pick,603
pregnant,604
sometimes,605
towards,606
train,607
worry,608
&gt,609
application,610
Awwww,611
body,612
dataandme,613
drive,614
each,615
eye,616
generate,617
image,618
JennyBryan,619
KimKardashian,620
lead,621
listen,622
Oss,623
short,624
site,625
win,626
wrong,627
@pwang,628
=,629
üèº,630
block,631
bring,632
common,633
dev,634
difference,635
early,636
ecosystem,637
gorgeous,638
hi,639
individual,640
myself,641
powder,642
provide,643
public,644
send,645
side,646
skill,647
slide,648
tune,649
[,650
@_ColinFay,651
brain,652
bug,653
care,654
color,655
cry,656
define,657
figure,658
frame,659
github,660
graph,661
group,662
healthy,663
imagine,664
invest,665
key,666
kkwbeauty,667
lipstick,668
mental,669
paper,670
piece,671
programming,672
student,673
summer,674
tidyverse,675
whether,676
worth,677
??,678
@ApacheArrow,679
@narcicismo,680
üòÇ,681
agree,682
allow,683
amount,684
argument,685
behind,686
content,687
core,688
drop,689
enjoy,690
entire,691
exact,692
forge,693
house,694
KKWFRAGRANCE,695
KKWXMARIO,696
Kourt,697
pass,698
picture,699
pst,700
reality,701
similar,702
technology,703
woman,704
50,705
angel,706
art,707
cause,708
context,709
country,710
couple,711
e!,712
engineer,713
exciting,714
expert,715
Flow,716
forever,717
generally,718
goodamerican,719
hopefully,720
huge,721
interview,722
job,723
late,724
low,725
pink,726
pr,727
practice,728
ProjectJupyter,729
purpose,730
second,731
size,732
standard,733
stock,734
super,735
Tensor,736
....,737
@jakevdp,738
üòâ,739
25,740
ad,741
basically,742
benefit,743
cc,744
computer,745
Cr√®me,746
depend,747
difficult,748
discussion,749
easier,750
either,751
especially,752
focus,753
input,754
item,755
jeremyphoward,756
jreback,757
man,758
option,759
principle,760
reach,761
text,762
thought,763
understanding,764
usually,765
vibe,766
!!!!!!,767
2019,768
absolutely,769
account,770
affect,771
building,772
certain,773
choose,774
christmas,775
count,776
email,777
event,778
explain,779
fight,780
fuck,781
honestly,782
KKWxMARIO,783
laugh,784
map,785
mention,786
movie,787
page,788
personal,789
potential,790
r,791
return,792
scale,793
school,794
skin,795
thankful,796
thread,797
totally,798
trend,799
tutorial,800
ugh,801
@MilesMcBain,802
action,803
discuss,804
dremiohq,805
factor,806
fine,807
force,808
generalization,809
glam,810
hadleywickham,811
lack,812
light,813
mailing,814
million,815
ML,816
neural,817
OSS,818
Peach,819
red,820
Red,821
report,822
resource,823
room,824
scientific,825
simply,826
society,827
soul,828
TF,829
training,830
travel,831
unfortunately,832
via,833
weird,834
:),835
@sharlagelfand,836
üèΩ,837
üòú,838
30,839
abstract,840
actual,841
am,842
appreciate,843
basic,844
bear,845
brand,846
chance,847
currently,848
ggplot2,849
history,850
industry,851
interest,852
interface,853
Kimoji,854
m,855
Ml,856
rich,857
shadow,858
sort,859
star,860
string,861
switch,862
SylvainCorlay,863
Tbt,864
TensorFlow,865
tf.kera,866
themselves,867
view,868
@BrodieGaslam,869
ü§î,870
24,871
8c,872
abstraction,873
analysis,874
analytic,875
black,876
campaign,877
child,878
complex,879
complexity,880
concept,881
conference,882
die,883
dplyr,884
drink,885
employee,886
eventually,887
fully,888
GaelVaroquaux,889
GitHub,890
inside,891
itself,892
KrisJenner,893
major,894
market,895
mine,896
multiple,897
nude,898
obviously,899
plot,900
PyTorch,901
random,902
record,903
related,904
safe,905
search,906
series,907
seriously,908
sleep,909
stand,910
state,911
status,912
tensor,913
Tf,914
trip,915
under,916
X,917
yours,918
],919
@ApacheParquet,920
@KKWFRAGRANCE,921
@vboykis,922
=),923
üíô,924
2.0,925
although,926
Amazon,927
architecture,928
benchmark,929
beyond,930
Christmas,931
cloud,932
column,933
concealer,934
Contour,935
domain,936
download,937
education,938
effect,939
engineering,940
enter,941
fail,942
forward,943
generation,944
head,945
highly,946
i.e.,947
impact,948
improve,949
Java,950
KIMOJI,951
later,952
longer,953
main,954
maintain,955
measure,956
mother,957
North,958
obsessed,959
path,960
pray,961
print,962
risk,963
shape,964
southcoastplaza,965
suggest,966
sweetest,967
tax,968
tip,969
truly,970
weekend,971
within,972
wonder,973
@henrikbengtsson,974
@minebocek,975
@mrocklin,976
@thosjleeper,977
@yutannihilat_en,978
‚ù§Ô∏è‚ù§Ô∏è,979
üòò,980
announce,981
article,982
boy,983
bunch,984
claim,985
clearly,986
Crystal,987
dataset,988
deal,989
direction,990
donate,991
due,992
execution,993
film,994
four,995
fragrance,996
Gardenia,997
glad,998
GlamMaster,999
handle,1000
hold,1001
increasingly,1002
involved,1003
KylieJenner,1004
meeting,1005
modern,1006
mommy,1007
net,1008
NumFOCUS,1009
object,1010
produce,1011
property,1012
quote,1013
realize,1014
recently,1015
sad,1016
serious,1017
serve,1018
significant,1019
specifically,1020
stage,1021
successful,1022
task,1023
trust,1024
Tweet,1025
weight,1026
whatever,1027
???,1028
@guzdial,1029
@kierisi,1030
@randal_olson,1031
&lt,1032
60,1033
against,1034
Apache,1035
aware,1036
awesome,1037
Awwwwww,1038
behavior,1039
bet,1040
collab,1041
columnar,1042
concern,1043
congrat,1044
continue,1045
correct,1046
cream,1047
credit,1048
dark,1049
date,1050
Day,1051
definition,1052
easily,1053
enable,1054
energy,1055
exclusively,1056
fair,1057
food,1058
Glam,1059
hearts,1060
higher,1061
hspter,1062
June,1063
Kit,1064
land,1065
local,1066
lose,1067
loss,1068
MakeupByMario,1069
Mario,1070
method,1071
missing,1072
New,1073
Nude,1074
obvious,1075
output,1076
per,1077
popular,1078
protect,1079
pyarrow,1080
rise,1081
secret,1082
select,1083
service,1084
ship,1085
sit,1086
sound,1087
struggle,1088
table,1089
topic,1090
trick,1091
twitter,1092
waste,1093
Yeezy,1094
@amuellerml,1095
@jeremyphoward,1096
@juliasilge,1097
@kjhealy,1098
@kwbroman,1099
@njkardashian,1100
@pgbovine,1101
@teoliphant,1102
ü§£,1103
2017,1104
2nd,1105
achieve,1106
act,1107
among,1108
amuellerml,1109
anacondainc,1110
anymore,1111
Api,1112
appear,1113
appropriate,1114
binary,1115
Blossom,1116
btw,1117
car,1118
challenge,1119
classification,1120
closet,1121
contain,1122
cpcloudy,1123
describe,1124
DiscoveryID,1125
doc,1126
dress,1127
e,1128
eager,1129
effective,1130
error,1131
evidence,1132
fashion,1133
fave,1134
finish,1135
fit,1136
fundamental,1137
grateful,1138
growth,1139
honor,1140
infrastructure,1141
inspire,1142
Japan,1143
judge,1144
July,1145
Kardashian,1146
Kim,1147
Kits,1148
KKWBODY,1149
lady,1150
Mapd,1151
match,1152
merge,1153
necessary,1154
optimize,1155
original,1156
patch,1157
perception,1158
platform,1159
pregnancy,1160
present,1161
raise,1162
receive,1163
rely,1164
repo,1165
request,1166
save,1167
statement,1168
storage,1169
strategy,1170
surprise,1171
synthesis,1172
target,1173
three,1174
throw,1175
treat,1176
twist,1177
unless,1178
us,1179
vector,1180
versus,1181
visit,1182
wild,1183
window,1184
worst,1185
?!?!,1186
',1187
@AmeliaMN,1188
@bearloga,1189
@datametrician,1190
@fhuszar,1191
@gvwilson,1192
@Pinboard,1193
üå∏,1194
üí™,1195
üò±,1196
11:59,1197
above,1198
Alice,1199
assume,1200
author,1201
belief,1202
bindings,1203
blue,1204
Brighten,1205
bundle,1206
certainly,1207
ClausWilke,1208
coast,1209
conversation,1210
cutest,1211
debate,1212
default,1213
directly,1214
doll,1215
DynamicWebPaige,1216
eg,1217
engagement,1218
evil,1219
fake,1220
feather,1221
finale,1222
funny,1223
GPU,1224
Hahaha,1225
half,1226
health,1227
holiday,1228
hype,1229
impossible,1230
Khloe,1231
license,1232
load,1233
Lol,1234
message,1235
MilesMcBain,1236
motivation,1237
offer,1238
organization,1239
papers,1240
possibly,1241
prank,1242
premiere,1243
private,1244
programmer,1245
publish,1246
purchase,1247
recognition,1248
remain,1249
remind,1250
replace,1251
Rt,1252
scope,1253
seek,1254
shot,1255
situation,1256
song,1257
sooo,1258
tibble,1259
ton,1260
universal,1261
validation,1262
war,1263
welcome,1264
yesterday,1265
zero,1266
_lionelhenry,1267
@alexpghaye,1268
@djnavarro,1269
@hardmaru,1270
@kcimc,1271
@Noahpinion,1272
@opencpu,1273
@ShriramKMurthi,1274
‚ù§Ô∏è‚ù§Ô∏è‚ù§Ô∏è,1275
üòÄ,1276
18,1277
ability,1278
accept,1279
advance,1280
age,1281
along,1282
animal,1283
API,1284
attention,1285
bag,1286
biggest,1287
BokehPlots,1288
box,1289
catch,1290
category,1291
choldgraf,1292
ConcealBake,1293
consume,1294
cut,1295
deserve,1296
dinner,1297
double,1298
efficient,1299
engage,1300
engine,1301
equivalent,1302
essentially,1303
everywhere,1304
except,1305
exclusive,1306
expand,1307
expose,1308
failure,1309
fill,1310
financial,1311
fire,1312
folk,1313
fundamentally,1314
gloss,1315
god,1316
government,1317
green,1318
Halloween,1319
harder,1320
henrikbengtsson,1321
hey,1322
increase,1323
incredibly,1324
instance,1325
interested,1326
internet,1327
joke,1328
justice,1329
LA,1330
labs,1331
law,1332
limited,1333
Linux,1334
magic,1335
March,1336
math,1337
mechanism,1338
min,1339
Monday,1340
music,1341
none,1342
normally,1343
NYC,1344
objective,1345
opportunity,1346
optimization,1347
otherwise,1348
ourselves,1349
physical,1350
pip,1351
political,1352
position,1353
profit,1354
quick,1355
quiz,1356
rate,1357
recent,1358
requirement,1359
researcher,1360
romain_francois,1361
scene,1362
schedule,1363
speed,1364
sql,1365
stadtlegende,1366
stick,1367
submit,1368
tend,1369
teoliphant,1370
total,1371
toxic,1372
Trump,1373
Ursa,1374
water,1375
WestfieldCC,1376
worse,1377
yep,1378
@ClausWilke,1379
@drob,1380
@earowang,1381
@GaelVaroquaux,1382
@jimhester,1383
@kuwtkhloek,1384
@MattDowle,1385
@noemikardash,1386
@rdpeng,1387
üèª,1388
üòÇüòÇüòÇ,1389
11,1390
16,1391
2016,1392
9c,1393
active,1394
advantage,1395
alone,1396
analogy,1397
Analysis,1398
attempt,1399
auction,1400
Bible,1401
bigger,1402
bot,1403
capability,1404
century,1405
City,1406
click,1407
commit,1408
complicated,1409
conflict,1410
culture,1411
database,1412
deeply,1413
dependency,1414
description,1415
documentation,1416
E,1417
elsewhere,1418
encourage,1419
enthought,1420
experiment,1421
extra,1422
fan,1423
fewer,1424
follower,1425
global,1426
gluten,1427
grandma,1428
greater,1429
gun,1430
helpful,1431
highlight,1432
imply,1433
incredible,1434
inefficient,1435
Instagram,1436
introduce,1437
involve,1438
John,1439
juicy,1440
KendallJenner,1441
kill,1442
label,1443
latest,1444
lifetime,1445
limit,1446
location,1447
loop,1448
lucky,1449
magical,1450
makeup,1451
manage,1452
MARIO,1453
master,1454
member,1455
Microsoft,1456
na,1457
native,1458
neat,1459
nest,1460
normal,1461
notice,1462
office,1463
p,1464
personally,1465
plus,1466
positive,1467
precise,1468
professional,1469
range,1470
reduce,1471
reflect,1472
relationship,1473
remove,1474
reprex,1475
row,1476
RStudio,1477
Saint,1478
sample,1479
sampling,1480
security,1481
separate,1482
slow,1483
Spark,1484
startup,1485
stream,1486
study,1487
success,1488
symbolic,1489
Thanksgiving,1490
theory,1491
vacation,1492
visual,1493
voice,1494
workflow,1495
@Aussie_Kardash,1496
@DashDolls831,1497
@dennybritz,1498
@hadleywickham,1499
@nic_crane,1500
@thejakekardash,1501
`,1502
üíö,1503
üòä,1504
üòõ,1505
üòù,1506
0,1507
40,1508
90,1509
addition,1510
adopt,1511
advanced,1512
ahead,1513
alternative,1514
apparently,1515
artist,1516
average,1517
Avro,1518
backend,1519
Beams,1520
bed,1521
begin,1522
beginning,1523
Body,1524
busy,1525
celebrate,1526
Century,1527
charge,1528
collective,1529
contribution,1530
correlation,1531
custom,1532
dad,1533
dead,1534
demand,1535
direct,1536
display,1537
distinct,1538
diverse,1539
dynamic,1540
edit,1541
entirely,1542
essential,1543
etc.,1544
express,1545
extension,1546
Eyeshadow,1547
fascist,1548
feed,1549
feeling,1550
final,1551
flight,1552
floral,1553
formula,1554
France,1555
funding,1556
GaborCsardi,1557
gain,1558
goodness,1559
governance,1560
ground,1561
haha,1562
hurt,1563
Ibis,1564
ice,1565
immediately,1566
improvement,1567
index,1568
info,1569
intense,1570
intuition,1571
Kenny,1572
Khlocaine,1573
Kimberly,1574
kit,1575
Kourtney,1576
Liner,1577
Liners,1578
ManukaDr,1579
mess,1580
mistake,1581
mix,1582
nature,1583
near,1584
nope,1585
nor,1586
older,1587
op,1588
opposite,1589
partner,1590
perhaps,1591
pgbovine,1592
poor,1593
press,1594
prevent,1595
priority,1596
prove,1597
publicly,1598
quo,1599
reasonable,1600
Rl,1601
Santa,1602
scientist,1603
scratch,1604
shower,1605
sick,1606
sisters,1607
slack,1608
smart,1609
sufficiently,1610
surprising,1611
suspect,1612
tea,1613
terrible,1614
Tokyo,1615
transform,1616
troll,1617
v,1618
vctr,1619
Versace,1620
vision,1621
website,1622
wheel,1623
wide,1624
writing,1625
!!!!!!!,1626
@alandipert,1627
@ApacheSpark,1628
@apreshill,1629
@arnica,1630
@dashlieber,1631
@DramaKing25,1632
@hardmarough,1633
@IanOsband,1634
@iKylieFornia,1635
@KendallJenner,1636
@kkwfragrance,1637
@NeveKardashian,1638
üíïüíïüíï,1639
üíó,1640
üíú,1641
üì∏,1642
üò©,1643
üôÇ,1644
03,1645
absolute,1646
accessible,1647
accurate,1648
actively,1649
adult,1650
air,1651
album,1652
algorithmic,1653
american,1654
anywhere,1655
apachearrow,1656
AskKourtney,1657
assumption,1658
attend,1659
Awwwwwww,1660
backprop,1661
balance,1662
beat,1663
bia,1664
biase,1665
billion,1666
Bitcoin,1667
blame,1668
blessing,1669
camera,1670
capable,1671
channel,1672
chapter,1673
chat,1674
Cherry,1675
city,1676
clean,1677
cognition,1678
colleague,1679
component,1680
connection,1681
costume,1682
Cran,1683
crisis,1684
Cython,1685
daily,1686
dairy,1687
de,1688
degree,1689
democracy,1690
dense,1691
destroy,1692
Diary,1693
digest,1694
east,1695
Easter,1696
edge,1697
edition,1698
Edition,1699
element,1700
evaluate,1701
Eve,1702
excite,1703
expensive,1704
explicit,1705
fabulous,1706
fam,1707
FB,1708
finally,1709
flaw,1710
flow,1711
foot,1712
foundation,1713
french,1714
generic,1715
graphic,1716
Hahahaha,1717
hit,1718
HoloViews,1719
honey,1720
however,1721
hundred,1722
ignore,1723
incentive,1724
inspiration,1725
inspo,1726
internal,1727
jimhester,1728
jimhester_,1729
journey,1730
katyhuff,1731
Kendall,1732
keynote,1733
KKWBODy,1734
KYLIE,1735
la,1736
larger,1737
lately,1738
lie,1739
Lipsticks,1740
ManukaAmbassador,1741
mbostock,1742
Miami,1743
milk,1744
nail,1745
negative,1746
newsfeed,1747
nj_tierney,1748
numba_jit,1749
NumPy,1750
outside,1751
overall,1752
peace,1753
perfume,1754
pipeline,1755
powerful,1756
prepare,1757
primarily,1758
productive,1759
pull,1760
purely,1761
quality,1762
quantity,1763
query,1764
reaction,1765
reference,1766
relevant,1767
represent,1768
representation,1769
response,1770
responsibility,1771
ride,1772
role,1773
section,1774
shit,1775
slightly,1776
snack,1777
soooo,1778
spring,1779
stronger,1780
succeed,1781
talent,1782
technique,1783
testing,1784
title,1785
tone,1786
truth,1787
tun,1788
vanilla,1789
variable,1790
Vibes,1791
violence,1792
warning,1793
Westfield,1794
xhochy,1795
young,1796
@adamlaiacano,1797
@beaucronin,1798
@coolbutuseless,1799
@dmi3,1800
@duffy_ma,1801
@JennyBryan,1802
@jimhester_,1803
@jreback,1804
@jtrnyc,1805
@kyIiegurl,1806
@kyleniemeyer,1807
@kyliemom,1808
@privefl,1809
@robkardashian,1810
@scheidegger,1811
@tylermorganwall,1812
@WeLive4Khloe,1813
üíò,1814
üò≠,1815
1st,1816
2015,1817
27,1818
actor,1819
address,1820
advice,1821
agency,1822
America,1823
ancient,1824
anniversary,1825
architectural,1826
arg,1827
arm,1828
bar,1829
bitch,1830
browser,1831
BTC,1832
burn,1833
button,1834
career,1835
Chainer,1836
charity,1837
codebase,1838
cognitive,1839
combination,1840
communication,1841
compatible,1842
computing,1843
conf,1844
confident,1845
confirm,1846
connect,1847
consistent,1848
contour,1849
corporate,1850
cost,1851
CRAN,1852
daddy,1853
decade,1854
deploy,1855
digital,1856
disgusting,1857
DL,1858
dna,1859
dozen,1860
draw,1861
e-mail,1862
empower,1863
everybody,1864
excit,1865
export,1866
extent,1867
eyeshadow,1868
faith,1869
fear,1870
feedback,1871
fork,1872
founder,1873
fund,1874
Fwi,1875
generalize,1876
Gluon,1877
googlecloud,1878
graphific,1879
happiness,1880
Highlighter,1881
hiptobecubic,1882
hmmm,1883
host,1884
hrbrmstr,1885
hug,1886
influence,1887
intensive,1888
interaction,1889
interop,1890
invite,1891
JS,1892
kim,1893
KIMOJIPERFUME,1894
labor,1895
landscape,1896
legal,1897
LUMEE,1898
majority,1899
maker,1900
manipulate,1901
manipulation,1902
Mason,1903
mathematical,1904
meaning,1905
medium,1906
metric,1907
mindset,1908
mood,1909
movement,1910
MXNet,1911
nation,1912
naturally,1913
nvidia,1914
observe,1915
os,1916
outcome,1917
parent,1918
parquet,1919
perform,1920
plenty,1921
podcast,1922
polish,1923
pool,1924
poorly,1925
prayer,1926
predict,1927
prior,1928
privacy,1929
production,1930
propaganda,1931
protocol,1932
publisher,1933
push,1934
rarely,1935
recommendation,1936
Reign,1937
relive,1938
rest,1939
rid,1940
roll,1941
routine,1942
rustlang,1943
s,1944
safety,1945
Saturday,1946
scandal,1947
score,1948
Scott,1949
seanjtaylor,1950
shine,1951
shout,1952
simpler,1953
sitewide,1954
skincare,1955
smoothie,1956
sock,1957
sooooo,1958
speaker,1959
sponsor,1960
straight,1961
strength,1962
strongly,1963
syntax,1964
third,1965
thousand,1966
tidy,1967
timeline,1968
Tonight,1969
tough,1970
town,1971
toy,1972
trial,1973
twice,1974
twin,1975
ultimate,1976
unable,1977
unisex,1978
weak,1979
web,1980
whenever,1981
woo,1982
YouTube,1983
@beeonaposy,1984
@BenedictEvans,1985
@BraveTart,1986
@denfromufa,1987
@earino,1988
@glagolisof,1989
@groundwalkergmb,1990
@joranelia,1991
@kara_,1992
@khloefandotcom,1993
@kyliestuff,1994
@lebiget,1995
@lukaszbartnike,1996
@mjskay,1997
@nj_tierney,1998
@patilindrajeet,1999
@PlanetKhloeK,2000
@posco,2001
@R4DScommunity,2002
@robinson_e,2003
@Ross_Kardash,2004
@seanjtaylor,2005
@tkasasagi,2006
@wesmckinn,2007
&,2008
==,2009
üçë,2010
üèºüëè,2011
üëº,2012
üî•,2013
üî•üî•üî•,2014
üòé,2015
üôÑ,2016
1/,2017
11.02.18,2018
13,2019
2/,2020
2013,2021
2020,2022
23,2023
300,2024
80,2025
academia,2026
accidentally,2027
activewear,2028
activity,2029
afraid,2030
ambitious,2031
amen,2032
analyze,2033
angry,2034
apart,2035
arbitrary,2036
Arguably,2037
argue,2038
Awww,2039
ax,2040
b,2041
bak,2042
battle,2043
BFF,2044
bias,2045
birth,2046
blockchain,2047
blonde,2048
blow,2049
blush,2050
bodysuit,2051
boost,2052
bottleneck,2053
bottom,2054
branch,2055
bright,2056
brother,2057
capture,2058
card,2059
carry,2060
cherry,2061
chess,2062
chi,2063
civilization,2064
client,2065
closer,2066
co,2067
coffee,2068
collaboration,2069
college,2070
comparison,2071
competition,2072
compute,2073
confusing,2074
consequence,2075
constantly,2076
consumer,2077
convnet,2078
corruption,2079
creation,2080
daughter,2081
deliberately,2082
delicious,2083
deliver,2084
demo,2085
denim,2086
deployment,2087
disagree,2088
discovery,2089
distribution,2090
diversity,2091
document,2092
donut,2093
dsl,2094
ebay,2095
eliminate,2096
emotion,2097
empathy,2098
empire,2099
empty,2100
ended,2101
epic,2102
equal,2103
evolve,2104
executive,2105
explicitly,2106
external,2107
fairly,2108
fascism,2109
Feather,2110
ForeverMalika,2111
fraction,2112
fresh,2113
friendly,2114
front,2115
further,2116
gold,2117
googl,2118
gosh,2119
grant,2120
hack,2121
Hahahahaha,2122
hang,2123
hashtag,2124
heavily,2125
husband,2126
hysterical,2127
ii,2128
ImageNet,2129
importantly,2130
independent,2131
individually,2132
ingest,2133
ingredient,2134
initial,2135
inlineptx,2136
inspiring,2137
integer,2138
integration,2139
investment,2140
jacket,2141
JavaScript,2142
jerk,2143
JIRA,2144
justify,2145
kanyewest,2146
Kkwxmario,2147
kourt,2148
Kubernetes,2149
Kylie,2150
lab,2151
laptop,2152
latter,2153
lazy,2154
leadership,2155
left,2156
lesson,2157
Limited,2158
log,2159
London,2160
Los,2161
LSTm,2162
luck,2163
mad,2164
making,2165
management,2166
mark,2167
marketing,2168
mask,2169
mass,2170
matrix,2171
maximize,2172
May,2173
means,2174
military,2175
minimum,2176
mode,2177
musk,2178
N,2179
narrow,2180
necessarily,2181
neutral,2182
NN,2183
non,2184
notification,2185
odd,2186
official,2187
okay,2188
operate,2189
operation,2190
pack,2191
packaging,2192
pan,2193
pandas2,2194
parallel,2195
Paris,2196
peach,2197
Penelope,2198
perfectly,2199
planet,2200
player,2201
politics,2202
popularity,2203
population,2204
praise,2205
precisely,2206
prediction,2207
prefer,2208
premier,2209
preview,2210
price,2211
procedural,2212
quickly,2213
Ram,2214
recognize,2215
Redshift,2216
reflection,2217
regression,2218
regular,2219
regulation,2220
ResourcefulSqrl,2221
respect,2222
respond,2223
rock,2224
root,2225
round,2226
Ruby,2227
scent,2228
screen,2229
script,2230
serialization,2231
session,2232
Set,2233
sets,2234
SF,2235
sharlagelfand,2236
shiny,2237
shipping,2238
shock,2239
shut,2240
significantly,2241
singles,2242
sky,2243
smarter,2244
Smokey,2245
snap,2246
spectrum,2247
stack,2248
StatGarrett,2249
steal,2250
stress,2251
sufficient,2252
sugar,2253
supply,2254
surround,2255
taste,2256
TheASF,2257
thinking,2258
thus,2259
track,2260
treatment,2261
trivial,2262
True,2263
tu,2264
Ultralight,2265
uncomfortable,2266
utterly,2267
vague,2268
vast,2269
vastly,2270
volume,2271
volunteer,2272
vs.,2273
vulnerable,2274
wake,2275
wall,2276
warm,2277
wealth,2278
West,2279
wonderful,2280
y,2281
yield,2282
;-,2283
‚Äò,2284
@_a__w_,2285
@_lionelhenry,2286
@A_K_Nain,2287
@agibsonccc,2288
@akarve,2289
@avibryant,2290
@chrisalbon,2291
@Collinsjo12,2292
@discdiver,2293
@drewconway,2294
@dvaughan32,2295
@edzerpebesma,2296
@Emil_Hvitfeldt,2297
@esammer,2298
@fahadshery,2299
@fredbenenson,2300
@IbisData,2301
@J_,2302
@jackclarkSF,2303
@k8hert,2304
@khloerose,2305
@KimKardashian,2306
@KimKWestPic,2307
@KKWBeauty,2308
@KKWBEAUTY,2309
@KStackWhitney,2310
@larsapippen,2311
@mauro_lepore,2312
@merv,2313
@metamatema,2314
@NarbehKardash,2315
@nayafia,2316
@observablehq,2317
@rasbt,2318
@rgbkrk,2319
@romain_francois,2320
@sckottie,2321
@shoyer,2322
@tash_kardash,2323
@thomas_mock,2324
@ThomasMailund,2325
@ucbrise,2326
‚úàÔ∏è,2327
‚ù£Ô∏è,2328
üåπ,2329
üçëüí¨üçí,2330
ü§¶üèº‚Äç‚ôÄÔ∏è,2331
üòçüòçüòç,2332
üò¢,2333
üôå,2334
0.3.0,2335
10/9,2336
103,2337
14,2338
17th,2339
21st,2340
22,2341
3/,2342
9ith,2343
abuse,2344
accessory,2345
affine,2346
ah,2347
al,2348
Algorithmic,2349
annoy,2350
April,2351
archive,2352
area,2353
arise,2354
Armenian,2355
array,2356
Art,2357
artifact,2358
artificial,2359
aside,2360
associate,2361
attack,2362
automatically,2363
awareness,2364
b/c,2365
bake,2366
bandwidth,2367
basis,2368
bc,2369
beast,2370
BECCAPartner,2371
behave,2372
beneficial,2373
BigQuery,2374
bird,2375
blessed,2376
blossom,2377
boil,2378
bone,2379
boo,2380
boring,2381
bowl,2382
brave,2383
breaking,2384
broad,2385
bubble,2386
byte,2387
calm,2388
cell,2389
central,2390
character,2391
cheer,2392
chemical,2393
chrissyteigen,2394
chunk,2395
citizen,2396
club,2397
coin,2398
col,2399
combine,2400
comfortable,2401
complain,2402
compression,2403
comput,2404
computation,2405
confuse,2406
Congrats,2407
congratulation,2408
consensus,2409
considerable,2410
considerably,2411
constraint,2412
consumption,2413
convince,2414
cook,2415
correctly,2416
cpp,2417
creator,2418
Creme,2419
critical,2420
CRY,2421
ctitusbrown,2422
Cuba,2423
cult,2424
dance,2425
dangerous,2426
dask,2427
data.table,2428
dataengconf,2429
December,2430
decide,2431
d√©cor,2432
defend,2433
derivative,2434
despite,2435
destructive,2436
detox,2437
df,2438
differ,2439
difficulty,2440
Dl,2441
DogGeneticsLLC,2442
dollar,2443
donation,2444
Donda,2445
dynamics,2446
economic,2447
effectively,2448
egg,2449
emotional,2450
en,2451
entropy,2452
equally,2453
equation,2454
ethic,2455
eval,2456
execute,2457
exercise,2458
expression,2459
extend,2460
extreme,2461
FamilyFeud,2462
fantastic,2463
Felienne,2464
Feud,2465
filter,2466
flag,2467
FlashingLight,2468
Fragrances,2469
freedom,2470
frequently,2471
fringe,2472
fruit,2473
Gan,2474
GAN,2475
git,2476
giveaway,2477
glass,2478
Gloss,2479
glow,2480
glue,2481
golden,2482
Good,2483
google,2484
Gpl,2485
grey,2486
gross,2487
grouping,2488
handful,2489
hardmaru,2490
harmful,2491
heavy,2492
hello,2493
heuristic,2494
honest,2495
horrible,2496
hot,2497
Houston,2498
humanity,2499
hungry,2500
hybrid,2501
ie,2502
IIRC,2503
im,2504
implicitly,2505
import,2506
importance,2507
indicate,2508
infinite,2509
innovation,2510
insane,2511
insight,2512
intend,2513
international,2514
intjesus,2515
introduction,2516
Jasmine,2517
jeans,2518
Jenner,2519
Johnson,2520
joshua_ulrich,2521
judgment,2522
julianhyde,2523
juliasilge,2524
Kera,2525
kernel,2526
Khlocaine_,2527
Khlo√©,2528
kick,2529
kiss,2530
kitchen,2531
Kkwbeauty,2532
KLdivergence,2533
Klein,2534
Koko,2535
Kuwtk,2536
kyliecosmetic,2537
lace,2538
largely,2539
lash,2540
latin,2541
layout,2542
letter,2543
leverage,2544
liability,2545
liberal,2546
Liquid,2547
lmeyerov,2548
loose,2549
mainstream,2550
maintenance,2551
MarchForOurLives,2552
Masters,2553
mathematics,2554
meal,2555
meaningful,2556
meanwhile,2557
Merry,2558
metadata,2559
midnight,2560
minority,2561
mirror,2562
misconception,2563
mobile,2564
module,2565
Ms.,2566
nasty,2567
ndarray,2568
nervous,2569
neuron,2570
non-expert,2571
noon,2572
north,2573
notion,2574
novel,2575
NOW,2576
obtain,2577
October,2578
oil,2579
oops,2580
opt,2581
ORC,2582
org,2583
outfit,2584
overhead,2585
painful,2586
personality,2587
perspective,2588
petal,2589
pigment,2590
poll,2591
poster,2592
practical,2593
primary,2594
processing,2595
productivity,2596
profile,2597
profound,2598
programm,2599
promote,2600
proper,2601
ps,2602
PT,2603
purrr,2604
rain,2605
randal_olson,2606
ray,2607
Ray,2608
reasoning,2609
reform,2610
regard,2611
relative,2612
reliable,2613
remedy,2614
representative,2615
RESTOCK,2616
reuse,2617
reverse,2618
RL,2619
rstudioconf,2620
ruin,2621
rush,2622
Sadly,2623
seed,2624
sellorm,2625
server,2626
shallow,2627
shame,2628
shoe,2629
shopping,2630
significance,2631
silly,2632
smile,2633
smooth,2634
snapchat,2635
solid,2636
somehow,2637
somewhat,2638
specialize,2639
Spectrum,2640
spell,2641
spot,2642
spread,2643
staff,2644
statistic,2645
sticker,2646
stranger,2647
straw,2648
Styling,2649
subset,2650
substrate,2651
successfully,2652
suppose,2653
surprisingly,2654
T,2655
teaching,2656
Texas,2657
theotheredgar,2658
ticket,2659
touch,2660
tour,2661
tracker,2662
transfer,2663
Tristan,2664
typically,2665
ultra,2666
union,2667
unrelated,2668
usage,2669
useless,2670
valuable,2671
vendor,2672
walk,2673
willing,2674
Zergylord,2675
zone,2676
::,2677
!!!!!!!!,2678
!?,2679
‚Ä¶,2680
@_sbr1,2681
@ApacheCrail,2682
@axiomsofxyz,2683
@benhamner,2684
@bIairwadolf,2685
@CMastication,2686
@Cmrn_Dp,2687
@ctitusbrown,2688
@daniel_akuna,2689
@danmurace,2690
@drewhill79,2691
@enthought,2692
@fperez_org,2693
@Grady_Booch,2694
@hrbrmstr,2695
@ItsJorgeAcosta,2696
@jalapic,2697
@jent,2698
@josh_will,2699
@jozefhajnala,2700
@Khlocaine_,2701
@KimKDelRey,2702
@kstirman,2703
@malco_barrett,2704
@markvdloo,2705
@matloff,2706
@MikeKSmith,2707
@MyleezaKardash,2708
@nacnudus,2709
@noamross,2710
@pacoid,2711
@pdalgd,2712
@perfectkhloek,2713
@planetkyliekj,2714
@rctatman,2715
@RealTristan13,2716
@rjurney,2717
@rogierK,2718
@ryanstellar,2719
@shingwork,2720
@sina_lana,2721
@stadtlegende,2722
@stoltzmaniac,2723
@tmcw,2724
@togelius,2725
@vb_jen,2726
@xieyihui,2727
@yetaughtnus,2728
@yoavgo,2729
‚Äç‚ôÄÔ∏è,2730
‚ú®‚ú®,2731
‚ùÑÔ∏è,2732
‚ù£Ô∏è‚ù£Ô∏è,2733
üéâ,2734
üëç,2735
üëô,2736
üíÉ,2737
üíõ,2738
üíúüíú,2739
üí´,2740
ü§ó,2741
ü§™,2742
üòçüòçüòçüòç,2743
üòì,2744
üò¨,2745
0.8.0,2746
01.30,2747
01.31,2748
03.23,2749
05.24,2750
07.14,2751
07.17,2752
1000,2753
101,2754
2000,2755
2008,2756
28,2757
3rd,2758
8/31,2759
95,2760
ABC,2761
absurd,2762
accessibility,2763
acquire,2764
actionable,2765
additional,2766
adv,2767
affordable,2768
affordance,2769
afternoon,2770
agent,2771
Agi,2772
Ahhhhh,2773
aim,2774
alert,2775
algebra,2776
align,2777
allocate,2778
Amber,2779
angeles,2780
anxiety,2781
anyway,2782
ApacheImpala,2783
APIs,2784
appearance,2785
approximator,2786
ArianaGrande,2787
arrive,2788
Asf,2789
assertion,2790
assignment,2791
Athena,2792
attach,2793
Auckland,2794
audience,2795
August,2796
automate,2797
Award,2798
awkward,2799
Baddie,2800
ball,2801
bathroom,2802
battery,2803
bay,2804
bearloga,2805
bedroom,2806
BenedictEvans,2807
berry,2808
besty,2809
Beyonc√©,2810
bff,2811
Big,2812
bill,2813
biological,2814
bizarre,2815
Black,2816
blend,2817
Blue,2818
board,2819
boot,2820
boss,2821
bother,2822
bottle,2823
boundary,2824
breakfast,2825
brilliant,2826
Bt,2827
BTS,2828
bucket,2829
buffer,2830
bum,2831
Bundle,2832
burnout,2833
cadastre,2834
cake,2835
Calvin,2836
cancel,2837
cancer,2838
capacity,2839
carefully,2840
cement,2841
Centralization,2842
challenging,2843
chart,2844
cheap,2845
Cher,2846
Chicago,2847
chill,2848
chocolate,2849
chrisappleton1,2850
Ci,2851
circle,2852
cite,2853
Citrus,2854
cleaning,2855
cleanse,2856
clearer,2857
closely,2858
clothing,2859
cloudera,2860
Cnn,2861
CNN,2862
coat,2863
coconut,2864
coerce,2865
cold,2866
compassion,2867
compiler,2868
compose,2869
Conceal,2870
concrete,2871
confused,2872
Congress,2873
consideration,2874
consistently,2875
contact,2876
controversy,2877
convenience,2878
convolution,2879
cookie,2880
Cosmopolitan,2881
counting,2882
countless,2883
coverage,2884
covet,2885
craft,2886
creamy,2887
creative,2888
creepy,2889
crime,2890
criminal,2891
critic,2892
cross,2893
CSV,2894
cure,2895
curious,2896
customer,2897
damn,2898
david_lachapelle,2899
DAY,2900
dear,2901
death,2902
deck,2903
deeper,2904
delete,2905
deprecate,2906
deprecation,2907
designer,2908
devastating,2909
device,2910
diary,2911
diet,2912
dislike,2913
distinction,2914
distribute,2915
diverge,2916
divide,2917
doctor,2918
downsampling,2919
dr,2920
drama,2921
dramatically,2922
driver,2923
dual,2924
dumb,2925
dump,2926
duplicate,2927
duty,2928
easiest,2929
Ed,2930
effectiveness,2931
efficiency,2932
elegant,2933
elephant,2934
empirical,2935
empowerment,2936
encoding,2937
ending,2938
enormously,2939
entry,2940
EST,2941
establish,2942
et,2943
excellent,2944
existence,2945
explanation,2946
exploit,2947
extensive,2948
false,2949
fascinating,2950
fault,2951
favor,2952
Fendi,2953
fiction,2954
five,2955
flatter,2956
flexibility,2957
flexible,2958
flower,2959
fly,2960
foo,2961
found,2962
friction,2963
fucking,2964
functional,2965
funniest,2966
Gala,2967
gear,2968
genuinely,2969
giant,2970
goober,2971
goodnight,2972
Governor,2973
grab,2974
grand,2975
gravity,2976
gregswalesart,2977
grocery,2978
guilt,2979
gym,2980
hacker,2981
Hadley,2982
Hadoop,2983
hardest,2984
hardly,2985
harm,2986
hat,2987
hell,2988
heroe,2989
heroic,2990
hide,2991
hierarchical,2992
highest,2993
highlighter,2994
hinder,2995
hint,2996
hire,2997
historical,2998
historically,2999
hoc,3000
hopelessly,3001
horn,3002
housing,3003
html,3004
hypothesis,3005
Ide,3006
ideological,3007
immigrant,3008
imo,3009
impress,3010
impression,3011
indeed,3012
independently,3013
inherently,3014
intelligent,3015
intent,3016
interact,3017
interactive,3018
intuitive,3019
invisible,3020
Io,3021
Ipc,3022
iteration,3023
itschekker,3024
j,3025
jack,3026
jean,3027
Jeff,3028
jenatkinhair,3029
journal,3030
jseabold,3031
JSON,3032
Julia,3033
jump,3034
JupyterCon,3035
Kardashians,3036
keyboard,3037
KimKardashianGame,3038
kinda,3039
kkwfragrance,3040
KKWHEARTS,3041
knee,3042
KOURT,3043
kudo,3044
lang,3045
largest,3046
leader,3047
leanpub,3048
Learn,3049
leg,3050
legit,3051
lifetimetv,3052
linear,3053
logistic,3054
logo,3055
loving,3056
lt,3057
lusantala,3058
magnitude,3059
makeupbymario,3060
mama,3061
manifold,3062
massive,3063
massively,3064
matloff,3065
MattDowle,3066
max,3067
maximally,3068
melt,3069
microservice,3070
minimize,3071
minor,3072
misleading,3073
MJ,3074
modify,3075
monorepo,3076
moon,3077
motion,3078
motivate,3079
narcicismo,3080
narrative,3081
negativity,3082
newer,3083
newsstand,3084
nic_crane,3085
nicest,3086
NIPS,3087
NNs,3088
nominate,3089
notebook,3090
notify,3091
nuclear,3092
Numpy,3093
NvidiaAI,3094
oatmeal,3095
Oooh,3096
oppose,3097
origin,3098
Orpur,3099
overnight,3100
override,3101
pain,3102
Palettes,3103
participant,3104
particularly,3105
patient,3106
patrickc,3107
PCA,3108
People,3109
perceive,3110
perf,3111
perfection,3112
pile,3113
pipe,3114
pixel,3115
plain,3116
plane,3117
planning,3118
pleased,3119
Pop,3120
posco,3121
potentially,3122
ppl,3123
precision,3124
prep,3125
presentation,3126
President,3127
presumably,3128
privilege,3129
programme,3130
promotion,3131
proof,3132
properly,3133
pure,3134
PyCon,3135
PyData,3136
PyPI,3137
qualified,3138
r-lib,3139
R.,3140
race,3141
racism,3142
radar,3143
random_forest,3144
randomness,3145
rare,3146
rational,3147
Rcpp,3148
re,3149
reader,3150
readme,3151
reasonably,3152
refer,3153
refuse,3154
register,3155
relatively,3156
reminder,3157
remote,3158
responsible,3159
reveal,3160
reward,3161
richer,3162
rights,3163
RMarkdown,3164
robinson_e,3165
rough,3166
roughly,3167
Rust,3168
SachaEpskamp,3169
salary,3170
scal,3171
Scala,3172
schema,3173
scheme,3174
SciPyConf,3175
ScottDisick,3176
scream,3177
semantic,3178
sensitive,3179
separately,3180
setup,3181
several,3182
sharing,3183
shift,3184
shortcut,3185
shoyer,3186
signal,3187
signature,3188
similarly,3189
simplest,3190
simultaneously,3191
sis,3192
skip,3193
skirt,3194
slice,3195
smaller,3196
soft,3197
sometime,3198
somewhere,3199
spam,3200
species,3201
specification,3202
split,3203
Squad,3204
stable,3205
staple,3206
static,3207
statistical,3208
steer,3209
stories,3210
stretch,3211
strongest,3212
suddenly,3213
suffer,3214
sum,3215
summary,3216
superficial,3217
superfood,3218
surface,3219
survive,3220
sustainability,3221
swap,3222
swimsuit,3223
t,3224
tag,3225
TBT,3226
tear,3227
technically,3228
ten,3229
textbook,3230
ThatAndromeda,3231
thoughtful,3232
threat,3233
throughout,3234
tiny,3235
tired,3236
toned,3237
topepo,3238
tower,3239
translation,3240
transportation,3241
trxcllnt,3242
Tuesday,3243
tummy,3244
Tur,3245
tv,3246
TypeScript,3247
U,3248
Ubuntu,3249
underlying,3250
united,3251
unusual,3252
usability,3253
Valentine,3254
variety,3255
Vegas,3256
villa,3257
virtual,3258
vulnerability,3259
warn,3260
watching,3261
weekly,3262
wellness,3263
west,3264
white,3265
widely,3266
Wifey,3267
wine,3268
winner,3269
winter,3270
wood,3271
worthwhile,3272
worthy,3273
wrap,3274
wrapper,3275
younger,3276
zero-copy,3277
‚Äã,3278
_m,3279
;3,3280
:(,3281
!!x,3282
????,3283
.@ApacheArrow,3284
.@KhloeKardashian,3285
‚Äôall,3286
@__nsl__,3287
@_brohrer,3288
@_m,3289
@_Mirkwood_,3290
@AlanHamlyn,3291
@andrewbrust,3292
@AndrewMendez19,3293
@asmeurer,3294
@benedictevan,3295
@Benjaming_G,3296
@BrianInLaw,3297
@burkesquire,3298
@Burrrito4,3299
@CAFirefighters,3300
@carroll_jono,3301
@cboettig,3302
@chagai_weiss,3303
@choldgraf,3304
@Chrismartin76,3305
@d_olivaw,3306
@Dale_Masch,3307
@DASHKlDS,3308
@dnishimura,3309
@DogGeneticsLLC,3310
@dvatterott,3311
@eagereye,3312
@eco_desi,3313
@edwin_thoen,3314
@Elijah_Meek,3315
@Elise_Brech,3316
@ElliottBrossard,3317
@FasterLoris,3318
@ForeverMalika,3319
@Gaming_Dude,3320
@gappy3000,3321
@godskendall,3322
@goodfellow_ian,3323
@Graham__Duncan,3324
@graphific,3325
@grrrck,3326
@HarryDCrane,3327
@hspter,3328
@hudsonsbay,3329
@ijlyttle,3330
@imanuelcostigin,3331
@isamendesxo,3332
@jiminy_crist,3333
@jpvelez,3334
@jseabold,3335
@justinhendrix,3336
@kara_woo,3337
@karissawhit,3338
@kellabyte,3339
@khloekedit,3340
@KhloeKFanxo,3341
@Khlomoney98,3342
@kkwantho,3343
@klmr,3344
@krlmlr,3345
@kunalgosar318,3346
@KylieJenner,3347
@kylizzlefanarmy,3348
@Laserhedvig,3349
@LisaDeBruine,3350
@MaartenvSmeden,3351
@makeupbymario,3352
@martin_,3353
@mgattozzi,3354
@michael_chirico,3355
@michael_nielsen,3356
@michelteivel,3357
@mitchoharawild,3358
@MSDS_UHouston,3359
@MuriloBlesma,3360
@MyLifeIsKimK,3361
@nbc,3362
@nevi_me,3363
@nickteff,3364
@ogrisel,3365
@OleksiyAnokhin,3366
@OReillyMedia,3367
@paulg,3368
@peteskomoroch,3369
@quasiben,3370
@realDonaldTrump,3371
@rmkubinec,3372
@shoshievass,3373
@skamille,3374
@skyetetra,3375
@slrellison_lgc,3376
@Springcoil,3377
@stochastician,3378
@stonebigdotdot,3379
@svincenzi,3380
@tanyacash21,3381
@tdhopper,3382
@TrulyAKhloeKFan,3383
@tslumley,3384
@VahidK,3385
@vega_vis,3386
@vimota,3387
@volkuleshov,3388
@vsbuffalo,3389
@waveskylie,3390
@WeAreRLady,3391
@xamat,3392
@ZDNet,3393
=/,3394
‚ù§Ô∏è‚ù§Ô∏è‚ù§Ô∏è‚ù§Ô∏è,3395
üåÆ,3396
üçÄ,3397
üçç,3398
üçí,3399
üç∏,3400
üé∂,3401
üéº,3402
üèΩüôè,3403
üëå,3404
üëè,3405
üëª,3406
üíÑ,3407
üíïüíï,3408
üíôüíô,3409
üíúüíúüíú,3410
üí§,3411
üì∑,3412
üñ§,3413
ü§ñ,3414
ü¶í,3415
üòçüòç,3416
üòòüòò,3417
0.2,3418
0.5,3419
007,3420
02.03,3421
02.05,3422
1.0,3423
1080,3424
150,3425
200,3426
2010,3427
2011,3428
2012,3429
2014,3430
20th,3431
21,3432
3.5,3433
33,3434
5th,3435
8bitscollider,3436
9/,3437
9/28,3438
9/8c,3439
A3c,3440
ab,3441
ablation,3442
absence,3443
accommodate,3444
accord,3445
accuse,3446
acquisition,3447
addict,3448
adjust,3449
adoption,3450
adore,3451
afford,3452
airplane,3453
Alexa,3454
alexpghaye,3455
AllieRizzo,3456
amber,3457
AmeliaMN,3458
Anaconda,3459
Android,3460
Andy,3461
Angeles,3462
annoyed,3463
annoying,3464
anxious,3465
Apple,3466
applicable,3467
apreshill,3468
arbitrarily,3469
arXi,3470
asap,3471
aspect,3472
ass,3473
assistant,3474
attitude,3475
attribute,3476
augmentation,3477
Austin,3478
automated,3479
AutoML,3480
award,3481
awful,3482
Aww,3483
Babe,3484
background,3485
Barbie,3486
barely,3487
BCI,3488
Beautycon,3489
BecomingDataSci,3490
belly,3491
Bff,3492
biasis,3493
bid,3494
bike,3495
bind_row,3496
birthing,3497
bitscollider,3498
BlackFriday,3499
blank,3500
Bob,3501
Bobby,3502
bomber,3503
bonus,3504
booooo,3505
booth,3506
bootstrap,3507
bread,3508
brighten,3509
bronze,3510
brow,3511
Brown,3512
brush,3513
BSD,3514
budget,3515
buggy,3516
builder,3517
Bundles,3518
burden,3519
butt,3520
C/C,3521
cal,3522
CALABASAS,3523
calendar,3524
California,3525
callback,3526
calvinklein,3527
CampFire,3528
capital,3529
careful,3530
causal,3531
celebrat,3532
Celebrate,3533
centralized,3534
ceo,3535
champion,3536
charm,3537
cheat,3538
chicken,3539
ChrissyTeigen,3540
CI,3541
Cici,3542
clarify,3543
clip,3544
closed,3545
clothes,3546
clue,3547
cocktail,3548
cod,3549
coding,3550
coherent,3551
Colab,3552
collaborat,3553
collaborate,3554
collaborator,3555
collapse,3556
combo,3557
comfort,3558
comparable,3559
competitive,3560
conditional,3561
configuration,3562
consciousness,3563
console,3564
consolidation,3565
conspiracy,3566
constant,3567
contents,3568
continental,3569
contract,3570
convenient,3571
convention,3572
convey,3573
coolbutuseless,3574
Cooper,3575
copyright,3576
cosmetic,3577
cousin,3578
craigcitro,3579
criticize,3580
critique,3581
crystal,3582
CS,3583
Csv,3584
cultural,3585
curve,3586
cutie,3587
cybernetic,3588
cycle,3589
d,3590
DASHBoutique,3591
data_,3592
DataJunkie,3593
David,3594
dbplyr,3595
deaneckle,3596
decent,3597
decentralization,3598
decline,3599
decorate,3600
decorative,3601
dedicate,3602
def,3603
delay,3604
dell,3605
denfromufa,3606
dependent,3607
depth,3608
derive,3609
detection,3610
determine,3611
dial,3612
differentiable,3613
differently,3614
dig,3615
dimension,3616
dimensional,3617
dire,3618
disaster,3619
disclaimer,3620
dismiss,3621
Disney,3622
dispatch,3623
distant,3624
distro,3625
dive,3626
djnavarro,3627
Dm,3628
DM,3629
dockless,3630
docs,3631
Doll,3632
domains,3633
done,3634
doubt,3635
dpseidel,3636
Dr.,3637
draft,3638
drain,3639
dramatic,3640
drawer,3641
dreamfound,3642
dude,3643
duo,3644
earino,3645
earlier,3646
earth,3647
Earth,3648
ease,3649
eco,3650
economy,3651
educate,3652
efficiently,3653
election,3654
electricity,3655
elite,3656
embedd,3657
emulate,3658
English,3659
entertainment,3660
era,3661
erase,3662
ethical,3663
Europe,3664
evaluation,3665
evening,3666
everyday,3667
Everytown,3668
evident,3669
evolutionary,3670
exception,3671
excuse,3672
exhaust,3673
existential,3674
experimental,3675
expertise,3676
exploration,3677
explore,3678
exponential,3679
exponentially,3680
FA,3681
factory,3682
Facts,3683
failing,3684
familiar,3685
fancy,3686
fastest,3687
fat,3688
Fate,3689
Father,3690
Feb,3691
February,3692
feelings,3693
feud,3694
fhuszar,3695
finding,3696
finger,3697
flash,3698
flat,3699
Florida,3700
flowchart,3701
FloydHub,3702
fold,3703
footage,3704
foreign,3705
formal,3706
formally,3707
former,3708
forth,3709
foundational,3710
Fp,3711
fragment,3712
Frankfurt,3713
freak,3714
fridge,3715
frustrating,3716
ft,3717
fullest,3718
functionality,3719
g,3720
gabrielzamora,3721
gate,3722
GavinNewsom,3723
gcp,3724
gender,3725
generated,3726
generative,3727
generous,3728
genetic,3729
genius,3730
gently,3731
giraffe,3732
glagolista,3733
GLAm,3734
Gluten,3735
golang,3736
gone,3737
GOOG,3738
googling,3739
gpuoai,3740
grad,3741
gradient,3742
graduate,3743
greatest,3744
greed,3745
greek,3746
grou,3747
gshotwell,3748
guarantee,3749
guest,3750
H,3751
Happy,3752
hardware,3753
hashtable,3754
haven,3755
heckle,3756
Hell,3757
helping,3758
hence,3759
hill,3760
HillFire,3761
Hollywood,3762
hook,3763
Hot,3764
hottie,3765
HrushAchemyan,3766
humiliate,3767
hurry,3768
IBM,3769
icon,3770
iconic,3771
identity,3772
ideology,3773
Iii,3774
imbalance,3775
immense,3776
immune,3777
imperative,3778
impl,3779
implication,3780
incomplete,3781
incorrect,3782
incremental,3783
indicator,3784
individuals,3785
ineffective,3786
inevitable,3787
inevitably,3788
influencer,3789
inherit,3790
initially,3791
initiative,3792
insider,3793
instantly,3794
instruction,3795
intake,3796
intellectual,3797
interchange,3798
interestingness,3799
internally,3800
interoperability,3801
interoperable,3802
intrinsic,3803
inversely,3804
Ireland,3805
iterate,3806
James,3807
jasmine,3808
JessicaHullman,3809
jewel,3810
Jonathan,3811
JorisMeys,3812
journalism,3813
journalist,3814
jtleek,3815
junior,3816
Kaggle,3817
kearneymw,3818
kendalljenner,3819
Kevin,3820
KhloeKardashian,3821
km,3822
knife,3823
known,3824
Kocktails,3825
kourtneykardash,3826
KourtneyKardash,3827
Kris,3828
krisjenner,3829
Lab,3830
labelling,3831
Labor,3832
larsapippen,3833
latent,3834
lay,3835
laziest,3836
lazyeval,3837
le,3838
lean,3839
legacy,3840
legging,3841
length,3842
Libra,3843
lifetimetv!,3844
lift,3845
Light,3846
lingerie,3847
liquid,3848
Live,3849
locally,3850
logic,3851
logical,3852
looooove,3853
lord,3854
lover,3855
lower,3856
lucite,3857
lunch,3858
MaartenvSmeden,3859
malicious,3860
manager,3861
MapD,3862
mapping,3863
MarcusHyde,3864
marginal,3865
MartynBullard,3866
mas,3867
math_rachel,3868
Matlab,3869
mature,3870
meaningfully,3871
membership,3872
mere,3873
merely,3874
Mexico,3875
mile,3876
milkshake,3877
miniconda,3878
MinneAnalytics,3879
mistaken,3880
mj,3881
ml,3882
moderation,3883
moral,3884
ms,3885
multiplicative,3886
N.,3887
Napoleonic,3888
National,3889
nayafia,3890
negatively,3891
neither,3892
neon,3893
Netflix,3894
neuroscience,3895
niche,3896
nightmare,3897
noamross,3898
noise,3899
non-dairy,3900
nonsense,3901
November,3902
nowadays,3903
NSE,3904
nuance,3905
nursery,3906
NYT,3907
NZ,3908
O,3909
obsess,3910
obsession,3911
occasionally,3912
odbc,3913
ODBC,3914
offensive,3915
onboard,3916
ongoing,3917
Ooh,3918
opaque,3919
optimizer,3920
optional,3921
organize,3922
organized,3923
orthogonal,3924
Oscar,3925
outrage,3926
overflow,3927
owe,3928
padding,3929
paint,3930
paparazzi,3931
par,3932
paradigm,3933
parse,3934
partial,3935
participate,3936
partly,3937
pasta,3938
paste,3939
Pdf,3940
peak,3941
peek,3942
percentage,3943
period,3944
permanent,3945
petition,3946
phase,3947
phd,3948
philosophical,3949
physic,3950
picke,3951
pie,3952
Pierre,3953
Pigment,3954
pitch,3955
pleasure,3956
Pokemon,3957
port,3958
pot,3959
pottery,3960
pre-train,3961
precious,3962
predictable,3963
preferable,3964
pregs,3965
pressure,3966
previous,3967
printer,3968
pro,3969
probability,3970
proceed,3971
proficient,3972
Program,3973
promise,3974
promo,3975
pronounce,3976
pronunciation,3977
propose,3978
proprietary,3979
prototype,3980
provider,3981
psychological,3982
purple,3983
puzzle,3984
pyPi,3985
quantify,3986
queen,3987
Queen,3988
quiet,3989
quoting,3990
r4ds,3991
radioactive,3992
ratio,3993
rave,3994
raw,3995
react,3996
readable,3997
rec,3998
recruit,3999
refresh,4000
regime,4001
regret,4002
reinforcement,4003
remarkable,4004
repeat,4005
replacement,4006
replicate,4007
reproducibility,4008
resist,4009
resolve,4010
Restock,4011
restriction,4012
retire,4013
reunion,4014
rewrite,4015
Rhymefest,4016
Rice,4017
richest,4018
Riemannian,4019
rigor,4020
rip,4021
rlang,4022
rob,4023
Rob,4024
robot,4025
route,4026
rstudio::,4027
rstudio::conf,4028
S.,4029
S4,4030
sadly,4031
salad,4032
San,4033
sandalwood,4034
savage,4035
savings,4036
scalable,4037
scare,4038
scary,4039
scheidegger,4040
scholarship,4041
sci,4042
Science,4043
scikit,4044
screenshopambassador,4045
screenshot,4046
sea,4047
seatbelt,4048
secondary,4049
seconds,4050
Seoul,4051
Sept,4052
shake,4053
shall,4054
shar,4055
sharp,4056
shocking,4057
silent,4058
skeptical,4059
sketch,4060
ski,4061
slowly,4062
smallest,4063
smell,4064
snippet,4065
solf,4066
solving,4067
someday,4068
son,4069
soumithchintala,4070
span,4071
spark,4072
spoil,4073
spray,4074
spurious,4075
squash,4076
Stack,4077
StackOverflow,4078
stance,4079
Standardization,4080
Stanley,4081
stefanvdwal,4082
Steph,4083
street,4084
StrictlyStat,4085
strike,4086
stuck,4087
studio,4088
stunn,4089
subclassing,4090
subjective,4091
submission,4092
substantial,4093
substitute,4094
subtle,4095
suck,4096
suggestion,4097
Summit,4098
superhuman,4099
superpower,4100
supervise,4101
supplement,4102
supplies,4103
surroundings,4104
survey,4105
survivor,4106
Susana,4107
sustain,4108
Svd,4109
SVD,4110
syndrome,4111
systemic,4112
tail,4113
taker,4114
Tale,4115
tap,4116
technological,4117
techy,4118
TensorFlow.js,4119
terrify,4120
TheEllen,4121
TheLocalRose,4122
theme,4123
TheNurl,4124
TheRealityShow,4125
thomas_mock,4126
thosjleeper,4127
threshold,4128
Thursday,4129
tie,4130
til,4131
tile,4132
tolerance,4133
TomAugspurger,4134
toxicity,4135
tragedy,4136
tragic,4137
trainer,4138
Travis,4139
Trio,4140
Trumpism,4141
tsuchigumo,4142
turbodbc,4143
tweete,4144
twosigma,4145
typ,4146
typical,4147
typo,4148
ugly,4149
UK,4150
unacceptable,4151
unethical,4152
unforgettable,4153
unique,4154
universe,4155
university,4156
unknown,4157
unlimited,4158
unpaid,4159
unquoting,4160
upcoming,4161
upset,4162
usual,4163
vacay,4164
valentine,4165
valid,4166
valuation,4167
Vandalay,4168
Vandelay,4169
various,4170
vegan,4171
victim,4172
vintage,4173
violation,4174
visible,4175
visually,4176
vite,4177
wasteful,4178
Watts,4179
wave,4180
weakness,4181
Wellness,4182
whoever,4183
wicke,4184
wife,4185
wig,4186
wikipedia,4187
wildly,4188
wise,4189
wisely,4190
wishful,4191
women,4192
Woolsey,4193
WoolseyFire,4194
worker,4195
workload,4196
workshop,4197
worldview,4198
worldwide,4199
writer,4200
wrt,4201
Xception,4202
xml2,4203
XPS,4204
xtensor,4205
y‚Äôall,4206
Year,4207
yell,4208
yellow,4209
Yesss,4210
Yessss,4211
yikes,4212
yoniceedee,4213
YT,4214
yutannihilat_en,4215
